method,data_fraction,seed,emotion,precision,recall,f1,support,tp,fp,fn,tn
svm_tfidf,0.01,7,admiration,0.5686274509803921,0.17261904761904762,0.2648401826484018,504,87,66,417,4857
svm_tfidf,0.01,7,amusement,0.803030303030303,0.4015151515151515,0.5353535353535354,264,106,26,158,5137
svm_tfidf,0.01,7,anger,0.5121951219512195,0.10606060606060606,0.17573221757322174,198,21,20,177,5209
svm_tfidf,0.01,7,annoyance,0.16216216216216217,0.01875,0.03361344537815126,320,6,31,314,5076
svm_tfidf,0.01,7,approval,0.2714285714285714,0.05413105413105413,0.09026128266033254,351,19,51,332,5025
svm_tfidf,0.01,7,caring,0.06666666666666667,0.007407407407407408,0.013333333333333334,135,1,14,134,5278
svm_tfidf,0.01,7,confusion,0.06896551724137931,0.0392156862745098,0.05,153,6,81,147,5193
svm_tfidf,0.01,7,curiosity,0.09278350515463918,0.03169014084507042,0.047244094488188976,284,9,88,275,5055
svm_tfidf,0.01,7,desire,0.7692307692307693,0.12048192771084337,0.20833333333333334,83,10,3,73,5341
svm_tfidf,0.01,7,disappointment,0.0,0.0,0.0,151,0,11,151,5265
svm_tfidf,0.01,7,disapproval,0.09090909090909091,0.003745318352059925,0.007194244604316547,267,1,10,266,5150
svm_tfidf,0.01,7,disgust,0.0,0.0,0.0,123,0,0,123,5304
svm_tfidf,0.01,7,embarrassment,0.0,0.0,0.0,37,0,0,37,5390
svm_tfidf,0.01,7,excitement,0.17647058823529413,0.02912621359223301,0.05,103,3,14,100,5310
svm_tfidf,0.01,7,fear,0.4,0.02564102564102564,0.04819277108433735,78,2,3,76,5346
svm_tfidf,0.01,7,gratitude,0.968503937007874,0.6988636363636364,0.8118811881188119,352,246,8,106,5067
svm_tfidf,0.01,7,grief,0.0,0.0,0.0,6,0,0,6,5421
svm_tfidf,0.01,7,joy,0.5625,0.055900621118012424,0.1016949152542373,161,9,7,152,5259
svm_tfidf,0.01,7,love,0.7675675675675676,0.5966386554621849,0.6713947990543735,238,142,43,96,5146
svm_tfidf,0.01,7,nervousness,0.0,0.0,0.0,23,0,0,23,5404
svm_tfidf,0.01,7,neutral,0.43653250773993807,0.23670956911024063,0.306966618287373,1787,423,546,1364,3094
svm_tfidf,0.01,7,optimism,0.603448275862069,0.1881720430107527,0.28688524590163933,186,35,23,151,5218
svm_tfidf,0.01,7,pride,0.0,0.0,0.0,16,0,0,16,5411
svm_tfidf,0.01,7,realization,0.0,0.0,0.0,145,0,1,145,5281
svm_tfidf,0.01,7,relief,0.0,0.0,0.0,11,0,0,11,5416
svm_tfidf,0.01,7,remorse,0.6111111111111112,0.39285714285714285,0.4782608695652174,56,22,14,34,5357
svm_tfidf,0.01,7,sadness,0.3050847457627119,0.11538461538461539,0.16744186046511628,156,18,41,138,5230
svm_tfidf,0.01,7,surprise,0.0625,0.03546099290780142,0.04524886877828054,141,5,75,136,5211
svm_tfidf,0.05,7,admiration,0.5501113585746102,0.49007936507936506,0.5183630640083945,504,247,202,257,4721
svm_tfidf,0.05,7,amusement,0.7663934426229508,0.7083333333333334,0.7362204724409449,264,187,57,77,5106
svm_tfidf,0.05,7,anger,0.3924050632911392,0.15656565656565657,0.22382671480144403,198,31,48,167,5181
svm_tfidf,0.05,7,annoyance,0.2808219178082192,0.128125,0.1759656652360515,320,41,105,279,5002
svm_tfidf,0.05,7,approval,0.2534562211981567,0.15669515669515668,0.1936619718309859,351,55,162,296,4914
svm_tfidf,0.05,7,caring,0.1896551724137931,0.08148148148148149,0.11398963730569948,135,11,47,124,5245
svm_tfidf,0.05,7,confusion,0.11320754716981132,0.0784313725490196,0.09266409266409266,153,12,94,141,5180
svm_tfidf,0.05,7,curiosity,0.14634146341463414,0.06338028169014084,0.08845208845208845,284,18,105,266,5038
svm_tfidf,0.05,7,desire,0.5588235294117647,0.2289156626506024,0.3247863247863248,83,19,15,64,5329
svm_tfidf,0.05,7,disappointment,0.09090909090909091,0.013245033112582781,0.023121387283236993,151,2,20,149,5256
svm_tfidf,0.05,7,disapproval,0.19607843137254902,0.0749063670411985,0.10840108401084012,267,20,82,247,5078
svm_tfidf,0.05,7,disgust,0.6756756756756757,0.2032520325203252,0.3125,123,25,12,98,5292
svm_tfidf,0.05,7,embarrassment,0.0,0.0,0.0,37,0,1,37,5389
svm_tfidf,0.05,7,excitement,0.3090909090909091,0.1650485436893204,0.21518987341772153,103,17,38,86,5286
svm_tfidf,0.05,7,fear,0.8148148148148148,0.28205128205128205,0.41904761904761906,78,22,5,56,5344
svm_tfidf,0.05,7,gratitude,0.8708791208791209,0.9005681818181818,0.8854748603351955,352,317,47,35,5028
svm_tfidf,0.05,7,grief,0.0,0.0,0.0,6,0,7,6,5414
svm_tfidf,0.05,7,joy,0.5299145299145299,0.38509316770186336,0.4460431654676259,161,62,55,99,5211
svm_tfidf,0.05,7,love,0.6991869918699187,0.7226890756302521,0.7107438016528925,238,172,74,66,5115
svm_tfidf,0.05,7,nervousness,0.0,0.0,0.0,23,0,1,23,5403
svm_tfidf,0.05,7,neutral,0.5069060773480663,0.4107442641298265,0.4537867078825348,1787,734,714,1053,2926
svm_tfidf,0.05,7,optimism,0.6153846153846154,0.3870967741935484,0.4752475247524752,186,72,45,114,5196
svm_tfidf,0.05,7,pride,0.0,0.0,0.0,16,0,1,16,5410
svm_tfidf,0.05,7,realization,0.07317073170731707,0.020689655172413793,0.03225806451612903,145,3,38,142,5244
svm_tfidf,0.05,7,relief,0.0,0.0,0.0,11,0,0,11,5416
svm_tfidf,0.05,7,remorse,0.5789473684210527,0.5892857142857143,0.584070796460177,56,33,24,23,5347
svm_tfidf,0.05,7,sadness,0.5507246376811594,0.24358974358974358,0.3377777777777778,156,38,31,118,5240
svm_tfidf,0.05,7,surprise,0.2753623188405797,0.1347517730496454,0.18095238095238095,141,19,50,122,5236
svm_tfidf,0.1,7,admiration,0.4874551971326165,0.5396825396825397,0.512241054613936,504,272,286,232,4637
svm_tfidf,0.1,7,amusement,0.7272727272727273,0.696969696969697,0.7117988394584139,264,184,69,80,5094
svm_tfidf,0.1,7,anger,0.34146341463414637,0.2828282828282828,0.30939226519337015,198,56,108,142,5121
svm_tfidf,0.1,7,annoyance,0.1952191235059761,0.153125,0.17162872154115585,320,49,202,271,4905
svm_tfidf,0.1,7,approval,0.1855421686746988,0.21937321937321938,0.2010443864229765,351,77,338,274,4738
svm_tfidf,0.1,7,caring,0.16030534351145037,0.15555555555555556,0.15789473684210525,135,21,110,114,5182
svm_tfidf,0.1,7,confusion,0.15,0.1568627450980392,0.15335463258785942,153,24,136,129,5138
svm_tfidf,0.1,7,curiosity,0.11707317073170732,0.08450704225352113,0.09815950920245399,284,24,181,260,4962
svm_tfidf,0.1,7,desire,0.43137254901960786,0.26506024096385544,0.3283582089552239,83,22,29,61,5315
svm_tfidf,0.1,7,disappointment,0.13157894736842105,0.06622516556291391,0.0881057268722467,151,10,66,141,5210
svm_tfidf,0.1,7,disapproval,0.13004484304932734,0.10861423220973783,0.11836734693877551,267,29,194,238,4966
svm_tfidf,0.1,7,disgust,0.4117647058823529,0.2845528455284553,0.33653846153846156,123,35,50,88,5254
svm_tfidf,0.1,7,embarrassment,0.3076923076923077,0.10810810810810811,0.16,37,4,9,33,5381
svm_tfidf,0.1,7,excitement,0.26666666666666666,0.27184466019417475,0.2692307692307692,103,28,77,75,5247
svm_tfidf,0.1,7,fear,0.7631578947368421,0.3717948717948718,0.5,78,29,9,49,5340
svm_tfidf,0.1,7,gratitude,0.8870056497175142,0.8920454545454546,0.8895184135977338,352,314,40,38,5035
svm_tfidf,0.1,7,grief,0.0,0.0,0.0,6,0,4,6,5417
svm_tfidf,0.1,7,joy,0.3696682464454976,0.484472049689441,0.41935483870967744,161,78,133,83,5133
svm_tfidf,0.1,7,love,0.6666666666666666,0.7563025210084033,0.7086614173228346,238,180,90,58,5099
svm_tfidf,0.1,7,nervousness,0.4,0.17391304347826086,0.24242424242424243,23,4,6,19,5398
svm_tfidf,0.1,7,neutral,0.5184782608695652,0.5338556239507555,0.5260545905707196,1787,954,886,833,2754
svm_tfidf,0.1,7,optimism,0.47928994082840237,0.43548387096774194,0.4563380281690141,186,81,88,105,5153
svm_tfidf,0.1,7,pride,0.23076923076923078,0.1875,0.20689655172413793,16,3,10,13,5401
svm_tfidf,0.1,7,realization,0.16981132075471697,0.12413793103448276,0.14342629482071714,145,18,88,127,5194
svm_tfidf,0.1,7,relief,0.0,0.0,0.0,11,0,1,11,5415
svm_tfidf,0.1,7,remorse,0.5757575757575758,0.6785714285714286,0.6229508196721312,56,38,28,18,5343
svm_tfidf,0.1,7,sadness,0.40476190476190477,0.3269230769230769,0.3617021276595745,156,51,75,105,5196
svm_tfidf,0.1,7,surprise,0.3644859813084112,0.2765957446808511,0.31451612903225806,141,39,68,102,5218
svm_tfidf,0.25,7,admiration,0.5066006600660066,0.6091269841269841,0.5531531531531532,504,307,299,197,4624
svm_tfidf,0.25,7,amusement,0.6533333333333333,0.7424242424242424,0.6950354609929078,264,196,104,68,5059
svm_tfidf,0.25,7,anger,0.2961165048543689,0.30808080808080807,0.30198019801980197,198,61,145,137,5084
svm_tfidf,0.25,7,annoyance,0.20759493670886076,0.25625,0.22937062937062938,320,82,313,238,4794
svm_tfidf,0.25,7,approval,0.16546762589928057,0.2621082621082621,0.20286659316427783,351,92,464,259,4612
svm_tfidf,0.25,7,caring,0.18269230769230768,0.2814814814814815,0.22157434402332363,135,38,170,97,5122
svm_tfidf,0.25,7,confusion,0.14671814671814673,0.24836601307189543,0.18446601941747573,153,38,221,115,5053
svm_tfidf,0.25,7,curiosity,0.15048543689320387,0.21830985915492956,0.1781609195402299,284,62,350,222,4793
svm_tfidf,0.25,7,desire,0.35,0.25301204819277107,0.2937062937062937,83,21,39,62,5305
svm_tfidf,0.25,7,disappointment,0.14354066985645933,0.1986754966887417,0.16666666666666666,151,30,179,121,5097
svm_tfidf,0.25,7,disapproval,0.13243243243243244,0.18352059925093633,0.15384615384615385,267,49,321,218,4839
svm_tfidf,0.25,7,disgust,0.3875968992248062,0.4065040650406504,0.3968253968253968,123,50,79,73,5225
svm_tfidf,0.25,7,embarrassment,0.16279069767441862,0.1891891891891892,0.175,37,7,36,30,5354
svm_tfidf,0.25,7,excitement,0.16751269035532995,0.32038834951456313,0.22,103,33,164,70,5160
svm_tfidf,0.25,7,fear,0.5921052631578947,0.5769230769230769,0.5844155844155844,78,45,31,33,5318
svm_tfidf,0.25,7,gratitude,0.8715846994535519,0.90625,0.8885793871866295,352,319,47,33,5028
svm_tfidf,0.25,7,grief,0.2,0.3333333333333333,0.25,6,2,8,4,5413
svm_tfidf,0.25,7,joy,0.3939393939393939,0.5652173913043478,0.4642857142857143,161,91,140,70,5126
svm_tfidf,0.25,7,love,0.6606498194945848,0.7689075630252101,0.7106796116504854,238,183,94,55,5095
svm_tfidf,0.25,7,nervousness,0.3,0.13043478260869565,0.18181818181818182,23,3,7,20,5397
svm_tfidf,0.25,7,neutral,0.5270723526593196,0.6155567991046447,0.5678884873515746,1787,1100,987,687,2653
svm_tfidf,0.25,7,optimism,0.4265402843601896,0.4838709677419355,0.4534005037783375,186,90,121,96,5120
svm_tfidf,0.25,7,pride,0.18181818181818182,0.25,0.21052631578947367,16,4,18,12,5393
svm_tfidf,0.25,7,realization,0.17333333333333334,0.1793103448275862,0.17627118644067796,145,26,124,119,5158
svm_tfidf,0.25,7,relief,0.0,0.0,0.0,11,0,31,11,5385
svm_tfidf,0.25,7,remorse,0.4823529411764706,0.7321428571428571,0.5815602836879432,56,41,44,15,5327
svm_tfidf,0.25,7,sadness,0.3564356435643564,0.46153846153846156,0.4022346368715084,156,72,130,84,5141
svm_tfidf,0.25,7,surprise,0.37681159420289856,0.36879432624113473,0.3727598566308244,141,52,86,89,5200
svm_tfidf,0.5,7,admiration,0.4684287812041116,0.6329365079365079,0.5383966244725739,504,319,362,185,4561
svm_tfidf,0.5,7,amusement,0.6553846153846153,0.8068181818181818,0.7232597623089984,264,213,112,51,5051
svm_tfidf,0.5,7,anger,0.25901639344262295,0.398989898989899,0.31411530815109345,198,79,226,119,5003
svm_tfidf,0.5,7,annoyance,0.19415807560137457,0.353125,0.25055432372505543,320,113,469,207,4638
svm_tfidf,0.5,7,approval,0.15066666666666667,0.32193732193732194,0.2052679382379655,351,113,637,238,4439
svm_tfidf,0.5,7,caring,0.1875,0.35555555555555557,0.24552429667519182,135,48,208,87,5084
svm_tfidf,0.5,7,confusion,0.12928759894459102,0.3202614379084967,0.18421052631578946,153,49,330,104,4944
svm_tfidf,0.5,7,curiosity,0.1243432574430823,0.25,0.16608187134502925,284,71,500,213,4643
svm_tfidf,0.5,7,desire,0.3118279569892473,0.3493975903614458,0.32954545454545453,83,29,64,54,5280
svm_tfidf,0.5,7,disappointment,0.13768115942028986,0.25165562913907286,0.17798594847775176,151,38,238,113,5038
svm_tfidf,0.5,7,disapproval,0.1198501872659176,0.2397003745318352,0.15980024968789014,267,64,470,203,4690
svm_tfidf,0.5,7,disgust,0.30057803468208094,0.42276422764227645,0.35135135135135137,123,52,121,71,5183
svm_tfidf,0.5,7,embarrassment,0.17857142857142858,0.2702702702702703,0.21505376344086022,37,10,46,27,5344
svm_tfidf,0.5,7,excitement,0.17959183673469387,0.42718446601941745,0.25287356321839083,103,44,201,59,5123
svm_tfidf,0.5,7,fear,0.4491525423728814,0.6794871794871795,0.5408163265306123,78,53,65,25,5284
svm_tfidf,0.5,7,gratitude,0.8350785340314136,0.90625,0.8692098092643051,352,319,63,33,5012
svm_tfidf,0.5,7,grief,0.25,0.16666666666666666,0.2,6,1,3,5,5418
svm_tfidf,0.5,7,joy,0.35517241379310344,0.639751552795031,0.4567627494456763,161,103,187,58,5079
svm_tfidf,0.5,7,love,0.6288659793814433,0.7689075630252101,0.6918714555765595,238,183,108,55,5081
svm_tfidf,0.5,7,nervousness,0.26666666666666666,0.34782608695652173,0.3018867924528302,23,8,22,15,5382
svm_tfidf,0.5,7,neutral,0.5249674337820235,0.676552881925014,0.5911980440097799,1787,1209,1094,578,2546
svm_tfidf,0.5,7,optimism,0.35424354243542433,0.5161290322580645,0.4201312910284464,186,96,175,90,5066
svm_tfidf,0.5,7,pride,0.23529411764705882,0.25,0.24242424242424243,16,4,13,12,5398
svm_tfidf,0.5,7,realization,0.12692307692307692,0.22758620689655173,0.16296296296296298,145,33,227,112,5055
svm_tfidf,0.5,7,relief,0.046511627906976744,0.18181818181818182,0.07407407407407407,11,2,41,9,5375
svm_tfidf,0.5,7,remorse,0.4642857142857143,0.6964285714285714,0.5571428571428572,56,39,45,17,5326
svm_tfidf,0.5,7,sadness,0.340080971659919,0.5384615384615384,0.41687344913151364,156,84,163,72,5108
svm_tfidf,0.5,7,surprise,0.30392156862745096,0.4397163120567376,0.35942028985507246,141,62,142,79,5144
svm_tfidf,1.0,7,admiration,0.4574175824175824,0.6607142857142857,0.5405844155844156,504,333,395,171,4528
svm_tfidf,1.0,7,amusement,0.5911764705882353,0.7613636363636364,0.6655629139072847,264,201,139,63,5024
svm_tfidf,1.0,7,anger,0.23902439024390243,0.494949494949495,0.3223684210526316,198,98,312,100,4917
svm_tfidf,1.0,7,annoyance,0.16157760814249364,0.396875,0.22965641952983726,320,127,659,193,4448
svm_tfidf,1.0,7,approval,0.14788732394366197,0.4188034188034188,0.21858736059479553,351,147,847,204,4229
svm_tfidf,1.0,7,caring,0.12857142857142856,0.3333333333333333,0.18556701030927836,135,45,305,90,4987
svm_tfidf,1.0,7,confusion,0.11359404096834265,0.39869281045751637,0.17681159420289855,153,61,476,92,4798
svm_tfidf,1.0,7,curiosity,0.10550458715596331,0.323943661971831,0.15916955017301038,284,92,780,192,4363
svm_tfidf,1.0,7,desire,0.27358490566037735,0.3493975903614458,0.30687830687830686,83,29,77,54,5267
svm_tfidf,1.0,7,disappointment,0.11963882618510158,0.3509933774834437,0.17845117845117844,151,53,390,98,4886
svm_tfidf,1.0,7,disapproval,0.11621966794380588,0.3408239700374532,0.17333333333333334,267,91,692,176,4468
svm_tfidf,1.0,7,disgust,0.2644230769230769,0.44715447154471544,0.3323262839879154,123,55,153,68,5151
svm_tfidf,1.0,7,embarrassment,0.15942028985507245,0.2972972972972973,0.20754716981132076,37,11,58,26,5332
svm_tfidf,1.0,7,excitement,0.15384615384615385,0.46601941747572817,0.23132530120481928,103,48,264,55,5060
svm_tfidf,1.0,7,fear,0.4274193548387097,0.6794871794871795,0.5247524752475248,78,53,71,25,5278
svm_tfidf,1.0,7,gratitude,0.7989949748743719,0.9034090909090909,0.848,352,318,80,34,4995
svm_tfidf,1.0,7,grief,0.18181818181818182,0.6666666666666666,0.2857142857142857,6,4,18,2,5403
svm_tfidf,1.0,7,joy,0.30654761904761907,0.639751552795031,0.41448692152917505,161,103,233,58,5033
svm_tfidf,1.0,7,love,0.589171974522293,0.7773109243697479,0.6702898550724637,238,185,129,53,5060
svm_tfidf,1.0,7,nervousness,0.12962962962962962,0.30434782608695654,0.18181818181818182,23,7,47,16,5357
svm_tfidf,1.0,7,neutral,0.529126213592233,0.731952993844432,0.6142286921812632,1787,1308,1164,479,2476
svm_tfidf,1.0,7,optimism,0.2905027932960894,0.5591397849462365,0.38235294117647056,186,104,254,82,4987
svm_tfidf,1.0,7,pride,0.1111111111111111,0.25,0.15384615384615385,16,4,32,12,5379
svm_tfidf,1.0,7,realization,0.1073170731707317,0.30344827586206896,0.15855855855855855,145,44,366,101,4916
svm_tfidf,1.0,7,relief,0.06521739130434782,0.2727272727272727,0.10526315789473684,11,3,43,8,5373
svm_tfidf,1.0,7,remorse,0.4421052631578947,0.75,0.5562913907284768,56,42,53,14,5318
svm_tfidf,1.0,7,sadness,0.28431372549019607,0.5576923076923077,0.37662337662337664,156,87,219,69,5052
svm_tfidf,1.0,7,surprise,0.3021276595744681,0.5035460992907801,0.3776595744680851,141,71,164,70,5122
svm_tfidf,0.01,21,admiration,0.6214953271028038,0.2638888888888889,0.37047353760445684,504,133,81,371,4842
svm_tfidf,0.01,21,amusement,0.8248175182481752,0.42803030303030304,0.5635910224438903,264,113,24,151,5139
svm_tfidf,0.01,21,anger,0.2222222222222222,0.030303030303030304,0.05333333333333334,198,6,21,192,5208
svm_tfidf,0.01,21,annoyance,0.10526315789473684,0.00625,0.011799410029498525,320,2,17,318,5090
svm_tfidf,0.01,21,approval,0.23333333333333334,0.019943019943019943,0.03674540682414698,351,7,23,344,5053
svm_tfidf,0.01,21,caring,0.0,0.0,0.0,135,0,1,135,5291
svm_tfidf,0.01,21,confusion,0.0,0.0,0.0,153,0,6,153,5268
svm_tfidf,0.01,21,curiosity,0.0,0.0,0.0,284,0,33,284,5110
svm_tfidf,0.01,21,desire,0.0,0.0,0.0,83,0,0,83,5344
svm_tfidf,0.01,21,disappointment,0.0,0.0,0.0,151,0,3,151,5273
svm_tfidf,0.01,21,disapproval,0.0,0.0,0.0,267,0,7,267,5153
svm_tfidf,0.01,21,disgust,0.2,0.008130081300813009,0.015625,123,1,4,122,5300
svm_tfidf,0.01,21,embarrassment,0.0,0.0,0.0,37,0,0,37,5390
svm_tfidf,0.01,21,excitement,0.1111111111111111,0.02912621359223301,0.046153846153846156,103,3,24,100,5300
svm_tfidf,0.01,21,fear,0.0,0.0,0.0,78,0,0,78,5349
svm_tfidf,0.01,21,gratitude,0.9366666666666666,0.7982954545454546,0.8619631901840491,352,281,19,71,5056
svm_tfidf,0.01,21,grief,0.0,0.0,0.0,6,0,0,6,5421
svm_tfidf,0.01,21,joy,0.36666666666666664,0.06832298136645963,0.11518324607329843,161,11,19,150,5247
svm_tfidf,0.01,21,love,0.7222222222222222,0.6008403361344538,0.6559633027522935,238,143,55,95,5134
svm_tfidf,0.01,21,nervousness,0.0,0.0,0.0,23,0,0,23,5404
svm_tfidf,0.01,21,neutral,0.48093023255813955,0.289311695579183,0.3612858141160028,1787,517,558,1270,3082
svm_tfidf,0.01,21,optimism,0.65,0.13978494623655913,0.23008849557522124,186,26,14,160,5227
svm_tfidf,0.01,21,pride,0.0,0.0,0.0,16,0,0,16,5411
svm_tfidf,0.01,21,realization,0.0,0.0,0.0,145,0,0,145,5282
svm_tfidf,0.01,21,relief,0.0,0.0,0.0,11,0,0,11,5416
svm_tfidf,0.01,21,remorse,0.5769230769230769,0.26785714285714285,0.36585365853658536,56,15,11,41,5360
svm_tfidf,0.01,21,sadness,0.8333333333333334,0.1282051282051282,0.2222222222222222,156,20,4,136,5267
svm_tfidf,0.01,21,surprise,0.28,0.04964539007092199,0.08433734939759036,141,7,18,134,5268
svm_tfidf,0.05,21,admiration,0.5730593607305936,0.498015873015873,0.5329087048832272,504,251,187,253,4736
svm_tfidf,0.05,21,amusement,0.743801652892562,0.6818181818181818,0.7114624505928854,264,180,62,84,5101
svm_tfidf,0.05,21,anger,0.34375,0.16666666666666666,0.22448979591836735,198,33,63,165,5166
svm_tfidf,0.05,21,annoyance,0.2857142857142857,0.1,0.14814814814814814,320,32,80,288,5027
svm_tfidf,0.05,21,approval,0.2545454545454545,0.15954415954415954,0.19614711033274956,351,56,164,295,4912
svm_tfidf,0.05,21,caring,0.24444444444444444,0.08148148148148149,0.12222222222222222,135,11,34,124,5258
svm_tfidf,0.05,21,confusion,0.24,0.0784313725490196,0.11822660098522167,153,12,38,141,5236
svm_tfidf,0.05,21,curiosity,0.17567567567567569,0.045774647887323945,0.07262569832402235,284,13,61,271,5082
svm_tfidf,0.05,21,desire,0.42857142857142855,0.25301204819277107,0.3181818181818182,83,21,28,62,5316
svm_tfidf,0.05,21,disappointment,0.11864406779661017,0.046357615894039736,0.06666666666666667,151,7,52,144,5224
svm_tfidf,0.05,21,disapproval,0.16666666666666666,0.06741573033707865,0.096,267,18,90,249,5070
svm_tfidf,0.05,21,disgust,0.6222222222222222,0.22764227642276422,0.3333333333333333,123,28,17,95,5287
svm_tfidf,0.05,21,embarrassment,0.0,0.0,0.0,37,0,2,37,5388
svm_tfidf,0.05,21,excitement,0.38636363636363635,0.1650485436893204,0.23129251700680273,103,17,27,86,5297
svm_tfidf,0.05,21,fear,0.52,0.16666666666666666,0.2524271844660194,78,13,12,65,5337
svm_tfidf,0.05,21,gratitude,0.8610354223433242,0.8977272727272727,0.8789986091794159,352,316,51,36,5024
svm_tfidf,0.05,21,grief,0.0,0.0,0.0,6,0,0,6,5421
svm_tfidf,0.05,21,joy,0.5114503816793893,0.4161490683229814,0.4589041095890411,161,67,64,94,5202
svm_tfidf,0.05,21,love,0.7228915662650602,0.7563025210084033,0.7392197125256673,238,180,69,58,5120
svm_tfidf,0.05,21,nervousness,0.0,0.0,0.0,23,0,1,23,5403
svm_tfidf,0.05,21,neutral,0.49879227053140096,0.4622271964185786,0.4798141155968632,1787,826,830,961,2810
svm_tfidf,0.05,21,optimism,0.5971223021582733,0.44623655913978494,0.5107692307692308,186,83,56,103,5185
svm_tfidf,0.05,21,pride,0.6,0.1875,0.2857142857142857,16,3,2,13,5409
svm_tfidf,0.05,21,realization,0.14285714285714285,0.013793103448275862,0.025157232704402517,145,2,12,143,5270
svm_tfidf,0.05,21,relief,0.0,0.0,0.0,11,0,0,11,5416
svm_tfidf,0.05,21,remorse,0.578125,0.6607142857142857,0.6166666666666667,56,37,27,19,5344
svm_tfidf,0.05,21,sadness,0.5,0.3525641025641026,0.41353383458646614,156,55,55,101,5216
svm_tfidf,0.05,21,surprise,0.35714285714285715,0.14184397163120568,0.20304568527918782,141,20,36,121,5250
svm_tfidf,0.1,21,admiration,0.5046728971962616,0.5357142857142857,0.519730510105871,504,270,265,234,4658
svm_tfidf,0.1,21,amusement,0.6819787985865724,0.7310606060606061,0.7056672760511883,264,193,90,71,5073
svm_tfidf,0.1,21,anger,0.2961165048543689,0.30808080808080807,0.30198019801980197,198,61,145,137,5084
svm_tfidf,0.1,21,annoyance,0.20784313725490197,0.165625,0.18434782608695652,320,53,202,267,4905
svm_tfidf,0.1,21,approval,0.2254335260115607,0.2222222222222222,0.22381635581061693,351,78,268,273,4808
svm_tfidf,0.1,21,caring,0.24770642201834864,0.2,0.22131147540983606,135,27,82,108,5210
svm_tfidf,0.1,21,confusion,0.1437908496732026,0.1437908496732026,0.1437908496732026,153,22,131,131,5143
svm_tfidf,0.1,21,curiosity,0.12442396313364056,0.09507042253521127,0.10778443113772455,284,27,190,257,4953
svm_tfidf,0.1,21,desire,0.35714285714285715,0.30120481927710846,0.32679738562091504,83,25,45,58,5299
svm_tfidf,0.1,21,disappointment,0.15625,0.09933774834437085,0.1214574898785425,151,15,81,136,5195
svm_tfidf,0.1,21,disapproval,0.1148936170212766,0.10112359550561797,0.10756972111553785,267,27,208,240,4952
svm_tfidf,0.1,21,disgust,0.4186046511627907,0.2926829268292683,0.3444976076555024,123,36,50,87,5254
svm_tfidf,0.1,21,embarrassment,0.21052631578947367,0.10810810810810811,0.14285714285714285,37,4,15,33,5375
svm_tfidf,0.1,21,excitement,0.24175824175824176,0.21359223300970873,0.2268041237113402,103,22,69,81,5255
svm_tfidf,0.1,21,fear,0.5384615384615384,0.358974358974359,0.4307692307692308,78,28,24,50,5325
svm_tfidf,0.1,21,gratitude,0.8788732394366198,0.8863636363636364,0.8826025459688827,352,312,43,40,5032
svm_tfidf,0.1,21,grief,1.0,0.3333333333333333,0.5,6,2,0,4,5421
svm_tfidf,0.1,21,joy,0.45454545454545453,0.4658385093167702,0.4601226993865031,161,75,90,86,5176
svm_tfidf,0.1,21,love,0.6766917293233082,0.7563025210084033,0.7142857142857143,238,180,86,58,5103
svm_tfidf,0.1,21,nervousness,0.4166666666666667,0.21739130434782608,0.2857142857142857,23,5,7,18,5397
svm_tfidf,0.1,21,neutral,0.49736008447729674,0.5271404588696139,0.5118174409127955,1787,942,952,845,2688
svm_tfidf,0.1,21,optimism,0.5283018867924528,0.45161290322580644,0.48695652173913045,186,84,75,102,5166
svm_tfidf,0.1,21,pride,0.6666666666666666,0.125,0.21052631578947367,16,2,1,14,5410
svm_tfidf,0.1,21,realization,0.20652173913043478,0.1310344827586207,0.16033755274261605,145,19,73,126,5209
svm_tfidf,0.1,21,relief,0.0,0.0,0.0,11,0,5,11,5411
svm_tfidf,0.1,21,remorse,0.5833333333333334,0.625,0.603448275862069,56,35,25,21,5346
svm_tfidf,0.1,21,sadness,0.4411764705882353,0.38461538461538464,0.410958904109589,156,60,76,96,5195
svm_tfidf,0.1,21,surprise,0.32710280373831774,0.24822695035460993,0.28225806451612906,141,35,72,106,5214
svm_tfidf,0.25,21,admiration,0.5134680134680135,0.6051587301587301,0.5555555555555556,504,305,289,199,4634
svm_tfidf,0.25,21,amusement,0.6898954703832753,0.75,0.7186932849364791,264,198,89,66,5074
svm_tfidf,0.25,21,anger,0.3220338983050847,0.3838383838383838,0.35023041474654376,198,76,160,122,5069
svm_tfidf,0.25,21,annoyance,0.18580375782881003,0.278125,0.2227784730913642,320,89,390,231,4717
svm_tfidf,0.25,21,approval,0.16546762589928057,0.2621082621082621,0.20286659316427783,351,92,464,259,4612
svm_tfidf,0.25,21,caring,0.18461538461538463,0.26666666666666666,0.21818181818181817,135,36,159,99,5133
svm_tfidf,0.25,21,confusion,0.1702127659574468,0.26143790849673204,0.20618556701030927,153,40,195,113,5079
svm_tfidf,0.25,21,curiosity,0.1276595744680851,0.19014084507042253,0.15275813295615276,284,54,369,230,4774
svm_tfidf,0.25,21,desire,0.36,0.3253012048192771,0.34177215189873417,83,27,48,56,5296
svm_tfidf,0.25,21,disappointment,0.1414141414141414,0.18543046357615894,0.16045845272206305,151,28,170,123,5106
svm_tfidf,0.25,21,disapproval,0.11007025761124122,0.1760299625468165,0.13544668587896252,267,47,380,220,4780
svm_tfidf,0.25,21,disgust,0.3284671532846715,0.36585365853658536,0.34615384615384615,123,45,92,78,5212
svm_tfidf,0.25,21,embarrassment,0.22916666666666666,0.2972972972972973,0.25882352941176473,37,11,37,26,5353
svm_tfidf,0.25,21,excitement,0.22085889570552147,0.34951456310679613,0.2706766917293233,103,36,127,67,5197
svm_tfidf,0.25,21,fear,0.5694444444444444,0.5256410256410257,0.5466666666666666,78,41,31,37,5318
svm_tfidf,0.25,21,gratitude,0.876750700280112,0.8892045454545454,0.8829337094499294,352,313,44,39,5031
svm_tfidf,0.25,21,grief,0.4,0.3333333333333333,0.36363636363636365,6,2,3,4,5418
svm_tfidf,0.25,21,joy,0.38461538461538464,0.5900621118012422,0.46568627450980393,161,95,152,66,5114
svm_tfidf,0.25,21,love,0.6237288135593221,0.773109243697479,0.6904315196998124,238,184,111,54,5078
svm_tfidf,0.25,21,nervousness,0.09090909090909091,0.043478260869565216,0.058823529411764705,23,1,10,22,5394
svm_tfidf,0.25,21,neutral,0.5004608294930876,0.6077224398433129,0.5489006823351024,1787,1086,1084,701,2556
svm_tfidf,0.25,21,optimism,0.4170403587443946,0.5,0.4547677261613692,186,93,130,93,5111
svm_tfidf,0.25,21,pride,0.5,0.375,0.42857142857142855,16,6,6,10,5405
svm_tfidf,0.25,21,realization,0.1388888888888889,0.13793103448275862,0.1384083044982699,145,20,124,125,5158
svm_tfidf,0.25,21,relief,0.13333333333333333,0.18181818181818182,0.15384615384615385,11,2,13,9,5403
svm_tfidf,0.25,21,remorse,0.5,0.6607142857142857,0.5692307692307692,56,37,37,19,5334
svm_tfidf,0.25,21,sadness,0.3422459893048128,0.41025641025641024,0.37317784256559766,156,64,123,92,5148
svm_tfidf,0.25,21,surprise,0.32386363636363635,0.40425531914893614,0.35962145110410093,141,57,119,84,5167
svm_tfidf,0.5,21,admiration,0.4538799414348463,0.6150793650793651,0.5223251895534962,504,310,373,194,4550
svm_tfidf,0.5,21,amusement,0.6768707482993197,0.7537878787878788,0.7132616487455197,264,199,95,65,5068
svm_tfidf,0.5,21,anger,0.23795180722891565,0.398989898989899,0.2981132075471698,198,79,253,119,4976
svm_tfidf,0.5,21,annoyance,0.19376026272577998,0.36875,0.25403659849300325,320,118,491,202,4616
svm_tfidf,0.5,21,approval,0.158311345646438,0.3418803418803419,0.2164111812443643,351,120,638,231,4438
svm_tfidf,0.5,21,caring,0.15294117647058825,0.28888888888888886,0.2,135,39,216,96,5076
svm_tfidf,0.5,21,confusion,0.11647727272727272,0.2679738562091503,0.16237623762376238,153,41,311,112,4963
svm_tfidf,0.5,21,curiosity,0.11653543307086614,0.2605633802816901,0.16104461371055495,284,74,561,210,4582
svm_tfidf,0.5,21,desire,0.3563218390804598,0.37349397590361444,0.36470588235294116,83,31,56,52,5288
svm_tfidf,0.5,21,disappointment,0.13909774436090225,0.24503311258278146,0.1774580335731415,151,37,229,114,5047
svm_tfidf,0.5,21,disapproval,0.1267605633802817,0.2696629213483146,0.1724550898203593,267,72,496,195,4664
svm_tfidf,0.5,21,disgust,0.3419354838709677,0.43089430894308944,0.381294964028777,123,53,102,70,5202
svm_tfidf,0.5,21,embarrassment,0.16,0.21621621621621623,0.1839080459770115,37,8,42,29,5348
svm_tfidf,0.5,21,excitement,0.18859649122807018,0.4174757281553398,0.2598187311178248,103,43,185,60,5139
svm_tfidf,0.5,21,fear,0.45714285714285713,0.6153846153846154,0.5245901639344263,78,48,57,30,5292
svm_tfidf,0.5,21,gratitude,0.8463611859838275,0.8920454545454546,0.8686030428769018,352,314,57,38,5018
svm_tfidf,0.5,21,grief,0.375,0.5,0.42857142857142855,6,3,5,3,5416
svm_tfidf,0.5,21,joy,0.31715210355987056,0.6086956521739131,0.41702127659574467,161,98,211,63,5055
svm_tfidf,0.5,21,love,0.6415770609318996,0.7521008403361344,0.6924564796905223,238,179,100,59,5089
svm_tfidf,0.5,21,nervousness,0.13636363636363635,0.2608695652173913,0.1791044776119403,23,6,38,17,5366
svm_tfidf,0.5,21,neutral,0.5191281138790036,0.6530498041410184,0.5784386617100372,1787,1167,1081,620,2559
svm_tfidf,0.5,21,optimism,0.352112676056338,0.5376344086021505,0.425531914893617,186,100,184,86,5057
svm_tfidf,0.5,21,pride,0.23809523809523808,0.3125,0.2702702702702703,16,5,16,11,5395
svm_tfidf,0.5,21,realization,0.1552346570397112,0.296551724137931,0.2037914691943128,145,43,234,102,5048
svm_tfidf,0.5,21,relief,0.18181818181818182,0.18181818181818182,0.18181818181818182,11,2,9,9,5407
svm_tfidf,0.5,21,remorse,0.5189873417721519,0.7321428571428571,0.6074074074074074,56,41,38,15,5333
svm_tfidf,0.5,21,sadness,0.32894736842105265,0.4807692307692308,0.390625,156,75,153,81,5118
svm_tfidf,0.5,21,surprise,0.3333333333333333,0.45390070921985815,0.3843843843843844,141,64,128,77,5158
svm_tfidf,1.0,21,admiration,0.4574175824175824,0.6607142857142857,0.5405844155844156,504,333,395,171,4528
svm_tfidf,1.0,21,amusement,0.5911764705882353,0.7613636363636364,0.6655629139072847,264,201,139,63,5024
svm_tfidf,1.0,21,anger,0.23902439024390243,0.494949494949495,0.3223684210526316,198,98,312,100,4917
svm_tfidf,1.0,21,annoyance,0.16157760814249364,0.396875,0.22965641952983726,320,127,659,193,4448
svm_tfidf,1.0,21,approval,0.14788732394366197,0.4188034188034188,0.21858736059479553,351,147,847,204,4229
svm_tfidf,1.0,21,caring,0.12857142857142856,0.3333333333333333,0.18556701030927836,135,45,305,90,4987
svm_tfidf,1.0,21,confusion,0.11359404096834265,0.39869281045751637,0.17681159420289855,153,61,476,92,4798
svm_tfidf,1.0,21,curiosity,0.10550458715596331,0.323943661971831,0.15916955017301038,284,92,780,192,4363
svm_tfidf,1.0,21,desire,0.27358490566037735,0.3493975903614458,0.30687830687830686,83,29,77,54,5267
svm_tfidf,1.0,21,disappointment,0.11963882618510158,0.3509933774834437,0.17845117845117844,151,53,390,98,4886
svm_tfidf,1.0,21,disapproval,0.11621966794380588,0.3408239700374532,0.17333333333333334,267,91,692,176,4468
svm_tfidf,1.0,21,disgust,0.2644230769230769,0.44715447154471544,0.3323262839879154,123,55,153,68,5151
svm_tfidf,1.0,21,embarrassment,0.15942028985507245,0.2972972972972973,0.20754716981132076,37,11,58,26,5332
svm_tfidf,1.0,21,excitement,0.15384615384615385,0.46601941747572817,0.23132530120481928,103,48,264,55,5060
svm_tfidf,1.0,21,fear,0.4274193548387097,0.6794871794871795,0.5247524752475248,78,53,71,25,5278
svm_tfidf,1.0,21,gratitude,0.7989949748743719,0.9034090909090909,0.848,352,318,80,34,4995
svm_tfidf,1.0,21,grief,0.18181818181818182,0.6666666666666666,0.2857142857142857,6,4,18,2,5403
svm_tfidf,1.0,21,joy,0.30654761904761907,0.639751552795031,0.41448692152917505,161,103,233,58,5033
svm_tfidf,1.0,21,love,0.589171974522293,0.7773109243697479,0.6702898550724637,238,185,129,53,5060
svm_tfidf,1.0,21,nervousness,0.12962962962962962,0.30434782608695654,0.18181818181818182,23,7,47,16,5357
svm_tfidf,1.0,21,neutral,0.529126213592233,0.731952993844432,0.6142286921812632,1787,1308,1164,479,2476
svm_tfidf,1.0,21,optimism,0.2905027932960894,0.5591397849462365,0.38235294117647056,186,104,254,82,4987
svm_tfidf,1.0,21,pride,0.1111111111111111,0.25,0.15384615384615385,16,4,32,12,5379
svm_tfidf,1.0,21,realization,0.1073170731707317,0.30344827586206896,0.15855855855855855,145,44,366,101,4916
svm_tfidf,1.0,21,relief,0.06521739130434782,0.2727272727272727,0.10526315789473684,11,3,43,8,5373
svm_tfidf,1.0,21,remorse,0.4421052631578947,0.75,0.5562913907284768,56,42,53,14,5318
svm_tfidf,1.0,21,sadness,0.28431372549019607,0.5576923076923077,0.37662337662337664,156,87,219,69,5052
svm_tfidf,1.0,21,surprise,0.3021276595744681,0.5035460992907801,0.3776595744680851,141,71,164,70,5122
svm_tfidf,0.01,42,admiration,0.5103734439834025,0.24404761904761904,0.3302013422818792,504,123,118,381,4805
svm_tfidf,0.01,42,amusement,0.768,0.36363636363636365,0.493573264781491,264,96,29,168,5134
svm_tfidf,0.01,42,anger,0.2727272727272727,0.015151515151515152,0.028708133971291867,198,3,8,195,5221
svm_tfidf,0.01,42,annoyance,0.5,0.015625,0.030303030303030304,320,5,5,315,5102
svm_tfidf,0.01,42,approval,0.2,0.019943019943019943,0.03626943005181347,351,7,28,344,5048
svm_tfidf,0.01,42,caring,0.058823529411764705,0.007407407407407408,0.013157894736842105,135,1,16,134,5276
svm_tfidf,0.01,42,confusion,0.07692307692307693,0.0196078431372549,0.03125,153,3,36,150,5238
svm_tfidf,0.01,42,curiosity,0.08835341365461848,0.07746478873239436,0.0825515947467167,284,22,227,262,4916
svm_tfidf,0.01,42,desire,0.2727272727272727,0.03614457831325301,0.06382978723404255,83,3,8,80,5336
svm_tfidf,0.01,42,disappointment,0.0,0.0,0.0,151,0,3,151,5273
svm_tfidf,0.01,42,disapproval,0.041666666666666664,0.003745318352059925,0.006872852233676976,267,1,23,266,5137
svm_tfidf,0.01,42,disgust,0.9375,0.12195121951219512,0.2158273381294964,123,15,1,108,5303
svm_tfidf,0.01,42,embarrassment,0.0,0.0,0.0,37,0,0,37,5390
svm_tfidf,0.01,42,excitement,0.1,0.038834951456310676,0.055944055944055944,103,4,36,99,5288
svm_tfidf,0.01,42,fear,0.0,0.0,0.0,78,0,0,78,5349
svm_tfidf,0.01,42,gratitude,0.9528619528619529,0.8039772727272727,0.8721109399075501,352,283,14,69,5061
svm_tfidf,0.01,42,grief,0.0,0.0,0.0,6,0,0,6,5421
svm_tfidf,0.01,42,joy,0.5581395348837209,0.14906832298136646,0.23529411764705882,161,24,19,137,5247
svm_tfidf,0.01,42,love,0.7611940298507462,0.6428571428571429,0.6970387243735763,238,153,48,85,5141
svm_tfidf,0.01,42,nervousness,0.0,0.0,0.0,23,0,0,23,5404
svm_tfidf,0.01,42,neutral,0.4695562435500516,0.25461667599328486,0.330188679245283,1787,455,514,1332,3126
svm_tfidf,0.01,42,optimism,0.7333333333333333,0.05913978494623656,0.10945273631840796,186,11,4,175,5237
svm_tfidf,0.01,42,pride,0.0,0.0,0.0,16,0,0,16,5411
svm_tfidf,0.01,42,realization,0.16666666666666666,0.006896551724137931,0.013245033112582781,145,1,5,144,5277
svm_tfidf,0.01,42,relief,0.0,0.0,0.0,11,0,0,11,5416
svm_tfidf,0.01,42,remorse,0.6296296296296297,0.30357142857142855,0.40963855421686746,56,17,10,39,5361
svm_tfidf,0.01,42,sadness,0.18181818181818182,0.01282051282051282,0.023952095808383235,156,2,9,154,5262
svm_tfidf,0.01,42,surprise,0.125,0.0070921985815602835,0.013422818791946308,141,1,7,140,5279
svm_tfidf,0.05,42,admiration,0.5496688741721855,0.49404761904761907,0.5203761755485894,504,249,204,255,4719
svm_tfidf,0.05,42,amusement,0.7751004016064257,0.7310606060606061,0.7524366471734892,264,193,56,71,5107
svm_tfidf,0.05,42,anger,0.36065573770491804,0.2222222222222222,0.275,198,44,78,154,5151
svm_tfidf,0.05,42,annoyance,0.22916666666666666,0.06875,0.10576923076923077,320,22,74,298,5033
svm_tfidf,0.05,42,approval,0.23557692307692307,0.1396011396011396,0.17531305903398928,351,49,159,302,4917
svm_tfidf,0.05,42,caring,0.1518987341772152,0.08888888888888889,0.11214953271028037,135,12,67,123,5225
svm_tfidf,0.05,42,confusion,0.09917355371900827,0.0784313725490196,0.08759124087591241,153,12,109,141,5165
svm_tfidf,0.05,42,curiosity,0.16393442622950818,0.07042253521126761,0.09852216748768473,284,20,102,264,5041
svm_tfidf,0.05,42,desire,0.5172413793103449,0.18072289156626506,0.26785714285714285,83,15,14,68,5330
svm_tfidf,0.05,42,disappointment,0.03333333333333333,0.006622516556291391,0.011049723756906077,151,1,29,150,5247
svm_tfidf,0.05,42,disapproval,0.11363636363636363,0.03745318352059925,0.056338028169014086,267,10,78,257,5082
svm_tfidf,0.05,42,disgust,0.6486486486486487,0.1951219512195122,0.3,123,24,13,99,5291
svm_tfidf,0.05,42,embarrassment,1.0,0.02702702702702703,0.05263157894736842,37,1,0,36,5390
svm_tfidf,0.05,42,excitement,0.3333333333333333,0.18446601941747573,0.2375,103,19,38,84,5286
svm_tfidf,0.05,42,fear,0.8064516129032258,0.32051282051282054,0.45871559633027525,78,25,6,53,5343
svm_tfidf,0.05,42,gratitude,0.9325153374233128,0.8636363636363636,0.8967551622418879,352,304,22,48,5053
svm_tfidf,0.05,42,grief,0.0,0.0,0.0,6,0,0,6,5421
svm_tfidf,0.05,42,joy,0.536,0.4161490683229814,0.46853146853146854,161,67,58,94,5208
svm_tfidf,0.05,42,love,0.7442922374429224,0.6848739495798319,0.7133479212253829,238,163,56,75,5133
svm_tfidf,0.05,42,nervousness,0.0,0.0,0.0,23,0,2,23,5402
svm_tfidf,0.05,42,neutral,0.46963824289405687,0.4068270844991606,0.43598200899550227,1787,727,821,1060,2819
svm_tfidf,0.05,42,optimism,0.6239316239316239,0.3924731182795699,0.48184818481848185,186,73,44,113,5197
svm_tfidf,0.05,42,pride,0.0,0.0,0.0,16,0,0,16,5411
svm_tfidf,0.05,42,realization,0.1875,0.06206896551724138,0.09326424870466321,145,9,39,136,5243
svm_tfidf,0.05,42,relief,0.0,0.0,0.0,11,0,0,11,5416
svm_tfidf,0.05,42,remorse,0.5606060606060606,0.6607142857142857,0.6065573770491803,56,37,29,19,5342
svm_tfidf,0.05,42,sadness,0.4392523364485981,0.30128205128205127,0.3574144486692015,156,47,60,109,5211
svm_tfidf,0.05,42,surprise,0.35064935064935066,0.19148936170212766,0.24770642201834864,141,27,50,114,5236
svm_tfidf,0.1,42,admiration,0.5354477611940298,0.5694444444444444,0.551923076923077,504,287,249,217,4674
svm_tfidf,0.1,42,amusement,0.7096774193548387,0.75,0.7292817679558011,264,198,81,66,5082
svm_tfidf,0.1,42,anger,0.3439153439153439,0.3282828282828283,0.3359173126614987,198,65,124,133,5105
svm_tfidf,0.1,42,annoyance,0.234375,0.1875,0.20833333333333334,320,60,196,260,4911
svm_tfidf,0.1,42,approval,0.19362745098039216,0.22507122507122507,0.20816864295125165,351,79,329,272,4747
svm_tfidf,0.1,42,caring,0.19117647058823528,0.1925925925925926,0.1918819188191882,135,26,110,109,5182
svm_tfidf,0.1,42,confusion,0.11956521739130435,0.1437908496732026,0.13056379821958458,153,22,162,131,5112
svm_tfidf,0.1,42,curiosity,0.15040650406504066,0.13028169014084506,0.13962264150943396,284,37,209,247,4934
svm_tfidf,0.1,42,desire,0.4,0.24096385542168675,0.3007518796992481,83,20,30,63,5314
svm_tfidf,0.1,42,disappointment,0.08823529411764706,0.059602649006622516,0.07114624505928854,151,9,93,142,5183
svm_tfidf,0.1,42,disapproval,0.13756613756613756,0.09737827715355805,0.11403508771929824,267,26,163,241,4997
svm_tfidf,0.1,42,disgust,0.3644859813084112,0.3170731707317073,0.3391304347826087,123,39,68,84,5236
svm_tfidf,0.1,42,embarrassment,0.2857142857142857,0.10810810810810811,0.1568627450980392,37,4,10,33,5380
svm_tfidf,0.1,42,excitement,0.21739130434782608,0.2912621359223301,0.24896265560165975,103,30,108,73,5216
svm_tfidf,0.1,42,fear,0.7555555555555555,0.4358974358974359,0.5528455284552846,78,34,11,44,5338
svm_tfidf,0.1,42,gratitude,0.8857142857142857,0.8806818181818182,0.8831908831908832,352,310,40,42,5035
svm_tfidf,0.1,42,grief,0.0,0.0,0.0,6,0,3,6,5418
svm_tfidf,0.1,42,joy,0.46987951807228917,0.484472049689441,0.47706422018348627,161,78,88,83,5178
svm_tfidf,0.1,42,love,0.7046413502109705,0.7016806722689075,0.7031578947368421,238,167,70,71,5119
svm_tfidf,0.1,42,nervousness,0.2857142857142857,0.08695652173913043,0.13333333333333333,23,2,5,21,5399
svm_tfidf,0.1,42,neutral,0.5144660704892162,0.5472859541130386,0.5303687635574837,1787,978,923,809,2717
svm_tfidf,0.1,42,optimism,0.5028248587570622,0.478494623655914,0.4903581267217631,186,89,88,97,5153
svm_tfidf,0.1,42,pride,0.05555555555555555,0.125,0.07692307692307693,16,2,34,14,5377
svm_tfidf,0.1,42,realization,0.18085106382978725,0.11724137931034483,0.14225941422594143,145,17,77,128,5205
svm_tfidf,0.1,42,relief,0.16666666666666666,0.09090909090909091,0.11764705882352941,11,1,5,10,5411
svm_tfidf,0.1,42,remorse,0.5636363636363636,0.5535714285714286,0.5585585585585585,56,31,24,25,5347
svm_tfidf,0.1,42,sadness,0.40298507462686567,0.34615384615384615,0.3724137931034483,156,54,80,102,5191
svm_tfidf,0.1,42,surprise,0.3178294573643411,0.2907801418439716,0.3037037037037037,141,41,88,100,5198
svm_tfidf,0.25,42,admiration,0.48019017432646594,0.6011904761904762,0.533920704845815,504,303,328,201,4595
svm_tfidf,0.25,42,amusement,0.6746575342465754,0.7462121212121212,0.7086330935251799,264,197,95,67,5068
svm_tfidf,0.25,42,anger,0.2838983050847458,0.3383838383838384,0.3087557603686636,198,67,169,131,5060
svm_tfidf,0.25,42,annoyance,0.2123456790123457,0.26875,0.23724137931034484,320,86,319,234,4788
svm_tfidf,0.25,42,approval,0.18947368421052632,0.3076923076923077,0.23452768729641693,351,108,462,243,4614
svm_tfidf,0.25,42,caring,0.1807909604519774,0.23703703703703705,0.20512820512820512,135,32,145,103,5147
svm_tfidf,0.25,42,confusion,0.1520912547528517,0.26143790849673204,0.19230769230769232,153,40,223,113,5051
svm_tfidf,0.25,42,curiosity,0.09814323607427056,0.13028169014084506,0.11195158850226929,284,37,340,247,4803
svm_tfidf,0.25,42,desire,0.35384615384615387,0.27710843373493976,0.3108108108108108,83,23,42,60,5302
svm_tfidf,0.25,42,disappointment,0.15976331360946747,0.17880794701986755,0.16875,151,27,142,124,5134
svm_tfidf,0.25,42,disapproval,0.10224438902743142,0.15355805243445692,0.12275449101796407,267,41,360,226,4800
svm_tfidf,0.25,42,disgust,0.40384615384615385,0.34146341463414637,0.3700440528634361,123,42,62,81,5242
svm_tfidf,0.25,42,embarrassment,0.2962962962962963,0.21621621621621623,0.25,37,8,19,29,5371
svm_tfidf,0.25,42,excitement,0.1797752808988764,0.3106796116504854,0.2277580071174377,103,32,146,71,5178
svm_tfidf,0.25,42,fear,0.5714285714285714,0.5641025641025641,0.567741935483871,78,44,33,34,5316
svm_tfidf,0.25,42,gratitude,0.8672086720867209,0.9090909090909091,0.8876560332871013,352,320,49,32,5026
svm_tfidf,0.25,42,grief,0.4,0.3333333333333333,0.36363636363636365,6,2,3,4,5418
svm_tfidf,0.25,42,joy,0.3625,0.5403726708074534,0.4339152119700748,161,87,153,74,5113
svm_tfidf,0.25,42,love,0.6528301886792452,0.726890756302521,0.6878727634194831,238,173,92,65,5097
svm_tfidf,0.25,42,nervousness,0.35714285714285715,0.21739130434782608,0.2702702702702703,23,5,9,18,5395
svm_tfidf,0.25,42,neutral,0.5089163237311386,0.6228315612758814,0.5601409159536991,1787,1113,1074,674,2566
svm_tfidf,0.25,42,optimism,0.45454545454545453,0.510752688172043,0.4810126582278481,186,95,114,91,5127
svm_tfidf,0.25,42,pride,0.4444444444444444,0.25,0.32,16,4,5,12,5406
svm_tfidf,0.25,42,realization,0.13194444444444445,0.1310344827586207,0.1314878892733564,145,19,125,126,5157
svm_tfidf,0.25,42,relief,0.08333333333333333,0.2727272727272727,0.1276595744680851,11,3,33,8,5383
svm_tfidf,0.25,42,remorse,0.5277777777777778,0.6785714285714286,0.59375,56,38,34,18,5337
svm_tfidf,0.25,42,sadness,0.36065573770491804,0.4230769230769231,0.3893805309734513,156,66,117,90,5154
svm_tfidf,0.25,42,surprise,0.35570469798657717,0.375886524822695,0.36551724137931035,141,53,96,88,5190
svm_tfidf,0.5,42,admiration,0.47941176470588237,0.6468253968253969,0.5506756756756757,504,326,354,178,4569
svm_tfidf,0.5,42,amusement,0.6338461538461538,0.7803030303030303,0.6994906621392191,264,206,119,58,5044
svm_tfidf,0.5,42,anger,0.2534722222222222,0.3686868686868687,0.3004115226337449,198,73,215,125,5014
svm_tfidf,0.5,42,annoyance,0.18718381112984822,0.346875,0.24315443592552027,320,111,482,209,4625
svm_tfidf,0.5,42,approval,0.15333333333333332,0.32763532763532766,0.2089009990917348,351,115,635,236,4441
svm_tfidf,0.5,42,caring,0.14566929133858267,0.2740740740740741,0.19023136246786632,135,37,217,98,5075
svm_tfidf,0.5,42,confusion,0.11405835543766578,0.28104575163398693,0.16226415094339622,153,43,334,110,4940
svm_tfidf,0.5,42,curiosity,0.11292962356792144,0.24295774647887325,0.15418994413407822,284,69,542,215,4601
svm_tfidf,0.5,42,desire,0.33766233766233766,0.3132530120481928,0.325,83,26,51,57,5293
svm_tfidf,0.5,42,disappointment,0.136986301369863,0.26490066225165565,0.18058690744920994,151,40,252,111,5024
svm_tfidf,0.5,42,disapproval,0.12567324955116696,0.26217228464419473,0.16990291262135923,267,70,487,197,4673
svm_tfidf,0.5,42,disgust,0.3170731707317073,0.42276422764227645,0.3623693379790941,123,52,112,71,5192
svm_tfidf,0.5,42,embarrassment,0.16363636363636364,0.24324324324324326,0.1956521739130435,37,9,46,28,5344
svm_tfidf,0.5,42,excitement,0.17316017316017315,0.3883495145631068,0.23952095808383234,103,40,191,63,5133
svm_tfidf,0.5,42,fear,0.5617977528089888,0.6410256410256411,0.5988023952095808,78,50,39,28,5310
svm_tfidf,0.5,42,gratitude,0.8285714285714286,0.90625,0.8656716417910447,352,319,66,33,5009
svm_tfidf,0.5,42,grief,0.25,0.16666666666666666,0.2,6,1,3,5,5418
svm_tfidf,0.5,42,joy,0.3392226148409894,0.5962732919254659,0.43243243243243246,161,96,187,65,5079
svm_tfidf,0.5,42,love,0.6306620209059234,0.7605042016806722,0.6895238095238095,238,181,106,57,5083
svm_tfidf,0.5,42,nervousness,0.13636363636363635,0.2608695652173913,0.1791044776119403,23,6,38,17,5366
svm_tfidf,0.5,42,neutral,0.5161151697464547,0.672076105204253,0.5838599902771026,1787,1201,1126,586,2514
svm_tfidf,0.5,42,optimism,0.36293436293436293,0.5053763440860215,0.42247191011235957,186,94,165,92,5076
svm_tfidf,0.5,42,pride,0.12121212121212122,0.25,0.16326530612244897,16,4,29,12,5382
svm_tfidf,0.5,42,realization,0.12595419847328243,0.22758620689655173,0.16216216216216217,145,33,229,112,5053
svm_tfidf,0.5,42,relief,0.0625,0.09090909090909091,0.07407407407407407,11,1,15,10,5401
svm_tfidf,0.5,42,remorse,0.4691358024691358,0.6785714285714286,0.5547445255474452,56,38,43,18,5328
svm_tfidf,0.5,42,sadness,0.3466666666666667,0.5,0.4094488188976378,156,78,147,78,5124
svm_tfidf,0.5,42,surprise,0.3193717277486911,0.4326241134751773,0.3674698795180723,141,61,130,80,5156
svm_tfidf,1.0,42,admiration,0.4574175824175824,0.6607142857142857,0.5405844155844156,504,333,395,171,4528
svm_tfidf,1.0,42,amusement,0.5911764705882353,0.7613636363636364,0.6655629139072847,264,201,139,63,5024
svm_tfidf,1.0,42,anger,0.23902439024390243,0.494949494949495,0.3223684210526316,198,98,312,100,4917
svm_tfidf,1.0,42,annoyance,0.16157760814249364,0.396875,0.22965641952983726,320,127,659,193,4448
svm_tfidf,1.0,42,approval,0.14788732394366197,0.4188034188034188,0.21858736059479553,351,147,847,204,4229
svm_tfidf,1.0,42,caring,0.12857142857142856,0.3333333333333333,0.18556701030927836,135,45,305,90,4987
svm_tfidf,1.0,42,confusion,0.11359404096834265,0.39869281045751637,0.17681159420289855,153,61,476,92,4798
svm_tfidf,1.0,42,curiosity,0.10550458715596331,0.323943661971831,0.15916955017301038,284,92,780,192,4363
svm_tfidf,1.0,42,desire,0.27358490566037735,0.3493975903614458,0.30687830687830686,83,29,77,54,5267
svm_tfidf,1.0,42,disappointment,0.11963882618510158,0.3509933774834437,0.17845117845117844,151,53,390,98,4886
svm_tfidf,1.0,42,disapproval,0.11621966794380588,0.3408239700374532,0.17333333333333334,267,91,692,176,4468
svm_tfidf,1.0,42,disgust,0.2644230769230769,0.44715447154471544,0.3323262839879154,123,55,153,68,5151
svm_tfidf,1.0,42,embarrassment,0.15942028985507245,0.2972972972972973,0.20754716981132076,37,11,58,26,5332
svm_tfidf,1.0,42,excitement,0.15384615384615385,0.46601941747572817,0.23132530120481928,103,48,264,55,5060
svm_tfidf,1.0,42,fear,0.4274193548387097,0.6794871794871795,0.5247524752475248,78,53,71,25,5278
svm_tfidf,1.0,42,gratitude,0.7989949748743719,0.9034090909090909,0.848,352,318,80,34,4995
svm_tfidf,1.0,42,grief,0.18181818181818182,0.6666666666666666,0.2857142857142857,6,4,18,2,5403
svm_tfidf,1.0,42,joy,0.30654761904761907,0.639751552795031,0.41448692152917505,161,103,233,58,5033
svm_tfidf,1.0,42,love,0.589171974522293,0.7773109243697479,0.6702898550724637,238,185,129,53,5060
svm_tfidf,1.0,42,nervousness,0.12962962962962962,0.30434782608695654,0.18181818181818182,23,7,47,16,5357
svm_tfidf,1.0,42,neutral,0.529126213592233,0.731952993844432,0.6142286921812632,1787,1308,1164,479,2476
svm_tfidf,1.0,42,optimism,0.2905027932960894,0.5591397849462365,0.38235294117647056,186,104,254,82,4987
svm_tfidf,1.0,42,pride,0.1111111111111111,0.25,0.15384615384615385,16,4,32,12,5379
svm_tfidf,1.0,42,realization,0.1073170731707317,0.30344827586206896,0.15855855855855855,145,44,366,101,4916
svm_tfidf,1.0,42,relief,0.06521739130434782,0.2727272727272727,0.10526315789473684,11,3,43,8,5373
svm_tfidf,1.0,42,remorse,0.4421052631578947,0.75,0.5562913907284768,56,42,53,14,5318
svm_tfidf,1.0,42,sadness,0.28431372549019607,0.5576923076923077,0.37662337662337664,156,87,219,69,5052
svm_tfidf,1.0,42,surprise,0.3021276595744681,0.5035460992907801,0.3776595744680851,141,71,164,70,5122
